"Nro Q","Tipo de pregunta","Q","A_gold","A_generada","Score_sim_QA_top5","Relevancia","Recall@5_hit","Precision@5","Perplejidad","BertScore","Exactitud_factual","Utilidad_relevancia","Fluidez"
1,"Factual simple","¿Cuál es la distancia total de la ruta «Vuelta a las Agujas de Montserrat desde Can Maçana»?","La distancia total de la ruta es de 7 km.","¡Hola! Como tu guía experto, te proporciono la información sobre la ruta que buscas.

### 1. IDENTIFICACIÓN Y UBICACIÓN

*   **Nombre de la ruta**: Vuelta a las Agujas de Montserrat desde Can Maçana.
*   **Ubicación geográfica**:
    *   Pueblo: El Bruc
    *   Población cercana: El Bruc
    *   Comarca: Anoia
    *   Zona: Montserrat
    *   Provincia: Barcelona
    *   Región: Cataluña
    *   País: España

### 2. CARACTERÍSTICAS TÉCNICAS

*   **Tipo de ruta**: Rutas circulares, paisajes pintorescos, apta para familias y niños.
*   **Distancia total**: 7.0 km.
*   **Tiempo estimado**: 185 minutos (aproximadamente 3 horas y 5 minutos).
*   **Desniveles**:
    *   Positivo acumulado: 500.0 m.
    *   No se especifica desnivel negativo.
*   **Altitud**:
    *   Mínima: 714.0 m.
    *   Máxima: 980.0 m.

### 3. EVALUACIÓN DE DIFICULTAD

*   **Nivel de dificultad**: Media.
*   **Justificación**: Según la descripción proporcionada, las caminatas de dificultad media no suelen superar los 14 km de largo ni los 600 m de desnivel. Esta ruta, con sus 7.0 km de distancia y 500 m de desnivel positivo, se ajusta a estas características. El tiempo estimado de poco más de 3 horas también es coherente con una ruta de dificultad moderada.

### 4. CONTEXTO ADICIONAL

*   **Fecha de información**: 11/11/2025. Es importante tener en cuenta que esta fecha podría indicar que la información es reciente o que corresponde a un sistema de catalogación actual.
*   **Enlaces a más información**: [https://www.rutaspirineos.org/rutas/agulles-frares-encantats-montserrat-can-massana](https://www.rutaspirineos.org/rutas/agulles-frares-encantats-montserrat-can-massana)
*   **Referencias a imágenes**: No se mencionan imágenes en los datos proporcionados.

### 5. RECOMENDACIONES PRÁCTICAS

*   **Para quién es adecuada**: Esta ruta es apta para **familias y niños**, lo que sugiere que no presenta dificultades técnicas extremas y es disfrutable para un público amplio.
*   **Consideraciones especiales**: La ruta tiene un punto de interés adicional: la recomendación de visitar el centro de visitantes del Espacio Natura Montserrat - Coll de Can Maçana para obtener información sobre los valores naturales y culturales del macizo.
*   **Época recomendada**: No se especifica una época recomendada, pero dada su categoría y descripción, es probable que sea disfrutable durante gran parte del año. Sin embargo, en Montserrat, las condiciones climáticas pueden cambiar rápidamente, por lo que siempre es aconsejable consultar la previsión meteorológica antes de salir.

Espero que esta información te sea de gran utilidad para planificar tu aventura. ¡Disfruta de la ruta!",0.3318446516990662,0,0,0.0,31.987565994262695,0.8375509977340698,"","",""
2,"Factual simple","¿Cuál es el tiempo total efectivo de la ruta circular por la Terreta desde Sapeira?","El tiempo total efectivo de la ruta circular por la Terreta es de 6:10 h.","Según los datos disponibles, no tengo información para responder a tu pregunta sobre el tiempo total efectivo de la ruta circular por la Terreta desde Sapeira. El contexto textual proporcionado no contiene detalles sobre esta ruta ni su duración.",0.0,0,0,0.0,82.6357650756836,0.9097957611083984,"","",""
3,"Factual simple","¿Qué desnivel positivo tiene la ascensión a la Tossa Plana de Lles desde el Pradell?","La ruta a la Tossa Plana de Lles desde el Pradell tiene un desnivel acumulado de 790 m.","¡Hola! Como tu guía experto, te proporcionaré toda la información sobre la ascensión a la Tossa Plana de Lles desde el Pradell, basándome exclusivamente en los datos que me has facilitado.

### 1. IDENTIFICACIÓN Y UBICACIÓN

*   **Nombre de la ruta:** Tossa Plana de Lles (2.905m) desde el Pradell
*   **Ubicación geográfica:**
    *   Pueblo: Lles de Cerdaña
    *   Población cercana: Lles de Cerdaña
    *   Comarca: Cerdaña (Lérida)
    *   Zona: Valle de la Cerdaña (Lérida)
    *   Provincia: Lérida
    *   Región: Cataluña
    *   País: España

### 2. CARACTERÍSTICAS TÉCNICAS

*   **Tipo de ruta:** Ascensión de alta montaña.
*   **Distancia total:** 7.1 km.
*   **Tiempo estimado:** 225.0 minutos (aproximadamente 3 horas y 45 minutos) de tiempo efectivo.
*   **Desnivel positivo:** 790.0 metros.
*   **Altitud mínima:** 2115.0 metros (punto de inicio: Cabaña - refugio del Pradell).
*   **Altitud máxima:** 2905.0 metros (la cima de la Tossa Plana de Lles).

### 3. EVALUACIÓN DE DIFICULTAD

*   **Nivel de dificultad:** Notable.
*   **Justificación:** Esta ruta se clasifica como de dificultad ""Notable"" debido a su **desnivel positivo considerable de 790 metros** y una **distancia de 7.1 km**. La descripción de la dificultad indica que las excursiones ""más exigentes"" pueden serlo por ser más largas, tener mayor desnivel o presentar alguna dificultad concreta. En este caso, la combinación de distancia y, especialmente, el desnivel acumulado, la convierten en una ascensión exigente.

### 4. CONTEXTO ADICIONAL

*   **Fecha de información:** La información extraída de esta ruta data del 11/11/2025. Es importante tener en cuenta que las condiciones de la montaña, la nieve y la señalización pueden variar con el tiempo, por lo que se recomienda documentarse adicionalmente con guías especializadas.
*   **Enlaces a más información:** La información proviene del enlace de origen: https://www.rutaspirineos.org/rutas/tossa-plana-de-lles-des-del-pradell
*   **Referencias a imágenes:** No se mencionan imágenes asociadas directamente a esta ruta en los datos proporcionados.

### 5. RECOMENDACIONES PRÁCTICAS

*   **Para quién es adecuada:** Esta ruta es ideal para senderistas con **buen estado físico y experiencia en ascensiones de alta montaña**. La dificultad notable la hace menos recomendable para principiantes o para quienes buscan rutas sencillas.
*   **Consideraciones especiales:**
    *   Los tiempos son efectivos y no incluyen paradas.
    *   Las condiciones meteorológicas y la presencia de nieve pueden variar significativamente la dificultad y el tiempo de realización, especialmente en diferentes épocas del año. Es crucial informarse sobre el estado actual de la ruta antes de iniciarla.
    *   Se sugiere complementar esta información con libros y guías especializadas.
*   **Época recomendada:** Aunque no se especifica explícitamente, las ascensiones de alta montaña como esta suelen ser más adecuadas en los meses de verano, cuando la nieve se retira de las cotas más altas. En invierno, la ruta podría requerir equipamiento específico para nieve o hielo.

Espero que esta información detallada te sea de gran utilidad para planificar tu ascensión a la Tossa Plana de Lles. ¡Disfruta de la montaña!",0.3293828845024109,0,0,0.0,26.3857364654541,0.8468194007873535,"","",""
